SampleID	Gene	Variant_Type
Sample0	ENSG00000132549	Splice_variants
Sample0	ENSG00000167548	Missense
Sample0	ENSG00000182359	Missense
Sample0	ENSG00000165474	Stop_Gained
Sample1	ENSG00000164303	Missense
Sample1	ENSG00000010626	Splice_variants
Sample1	ENSG00000112559	Missense
Sample1	ENSG00000139144	Stop_Gained
Sample1	ENSG00000131016	Missense
Sample1	ENSG00000157800	Missense
Sample1	ENSG00000134313	Missense
Sample10	ENSG00000102763	Missense
Sample10	ENSG00000129467	Missense
Sample10	ENSG00000173612	Frameshift
Sample10	ENSG00000197217	Frameshift
Sample10	ENSG00000146576	Missense
Sample10	ENSG00000139668	Missense
Sample10	ENSG00000035403	Missense
Sample11	ENSG00000132837	Missense
Sample11	ENSG00000152475	Missense
Sample11	ENSG00000196277	Missense
Sample11	ENSG00000159387	Frameshift
Sample11	ENSG00000101342	Splice_variants
Sample12	ENSG00000173442	Frameshift
Sample12	ENSG00000070019	Missense
Sample12	ENSG00000164129	Missense
Sample12	ENSG00000085415	Missense
Sample12	ENSG00000163378	Missense
Sample12	ENSG00000104723	Stop_Gained
Sample13	ENSG00000258227	Frameshift
Sample13	ENSG00000164129	Missense
Sample13	ENSG00000173442	Frameshift
Sample13	ENSG00000182979	Missense
Sample13	ENSG00000215910	Frameshift
Sample14	ENSG00000211456	Missense
Sample14	ENSG00000100271	Missense
Sample14	ENSG00000135763	Missense
Sample14	ENSG00000042980	Missense
Sample14	ENSG00000166126	Missense
Sample14	ENSG00000157741	Missense
Sample14	ENSG00000159387	Frameshift
Sample14	ENSG00000152475	Missense
Sample15	ENSG00000197008	Frameshift
Sample15	ENSG00000143434	Missense
Sample15	ENSG00000100271	Missense
Sample16	ENSG00000275832	Frameshift
Sample16	ENSG00000181649	Missense
Sample16	ENSG00000165424	Missense
Sample16	ENSG00000197937	Splice_variants
Sample16	ENSG00000006282	Stop_Gained
Sample16	ENSG00000029639	Splice_variants
Sample17	ENSG00000113441	Missense
Sample17	ENSG00000162669	Missense
Sample17	ENSG00000181649	Missense
Sample17	ENSG00000006282	Stop_Gained
Sample17	ENSG00000137962	Missense
Sample17	ENSG00000135148	Missense
Sample18	ENSG00000092978	Missense
Sample18	ENSG00000138131	Frameshift
Sample18	ENSG00000167515	Stop_Gained
Sample18	ENSG00000161640	Stop_Gained
Sample18	ENSG00000248385	Missense
Sample18	ENSG00000116209	Frameshift
Sample18	ENSG00000108950	Missense
Sample19	ENSG00000162755	Stop_Gained
Sample19	ENSG00000148814	Stop_Gained
Sample19	ENSG00000147526	Splice_variants
Sample19	ENSG00000204351	Frameshift
Sample19	ENSG00000180884	Missense
Sample19	ENSG00000175634	Frameshift
Sample19	ENSG00000173809	Frameshift
Sample19	ENSG00000136383	Stop_Gained
Sample19	ENSG00000139437	Splice_variants
Sample19	ENSG00000112276	Frameshift
Sample19	ENSG00000129467	Missense
Sample2	ENSG00000198033	Stop_Gained
Sample2	ENSG00000105472	Stop_Gained
Sample2	ENSG00000154134	Missense
Sample2	ENSG00000176927	Frameshift
Sample2	ENSG00000130762	Splice_variants
Sample20	ENSG00000058866	Missense
Sample20	ENSG00000137106	Missense
Sample20	ENSG00000166402	Frameshift
Sample20	ENSG00000100038	Missense
Sample20	ENSG00000149150	Stop_Gained
Sample20	ENSG00000121897	Missense
Sample20	ENSG00000115221	Frameshift
Sample20	ENSG00000136111	Frameshift
Sample20	ENSG00000197912	Splice_variants
Sample20	ENSG00000016602	Stop_Gained
Sample21	ENSG00000144649	Stop_Gained
Sample21	ENSG00000173809	Frameshift
Sample21	ENSG00000112276	Frameshift
Sample21	ENSG00000198626	Missense
Sample21	ENSG00000171017	Missense
Sample21	ENSG00000136383	Stop_Gained
Sample21	ENSG00000008323	Frameshift
Sample21	ENSG00000163050	Stop_Gained
Sample22	ENSG00000100739	Missense
Sample22	ENSG00000113296	Missense
Sample22	ENSG00000204514	Missense
Sample22	ENSG00000175634	Frameshift
Sample22	ENSG00000144649	Stop_Gained
Sample22	ENSG00000147526	Splice_variants
Sample22	ENSG00000091136	Splice_variants
Sample22	ENSG00000163050	Stop_Gained
Sample22	ENSG00000115414	Frameshift
Sample23	ENSG00000162755	Stop_Gained
Sample23	ENSG00000122584	Missense
Sample23	ENSG00000139437	Splice_variants
Sample23	ENSG00000198626	Missense
Sample23	ENSG00000198040	Missense
Sample23	ENSG00000203805	Stop_Gained
Sample23	ENSG00000101447	Frameshift
Sample23	ENSG00000065361	Stop_Gained
Sample23	ENSG00000153064	Stop_Gained
Sample24	ENSG00000160323	Stop_Gained
Sample24	ENSG00000119943	Missense
Sample24	ENSG00000142632	Frameshift
Sample24	ENSG00000198001	Stop_Gained
Sample24	ENSG00000262246	Stop_Gained
Sample24	ENSG00000131016	Missense
Sample24	ENSG00000100297	Missense
Sample25	ENSG00000131016	Missense
Sample25	ENSG00000197008	Stop_Gained
Sample25	ENSG00000160323	Stop_Gained
Sample25	ENSG00000070601	Stop_Gained
Sample25	ENSG00000130511	Frameshift
Sample25	ENSG00000109381	Stop_Gained
Sample25	ENSG00000142632	Frameshift
Sample25	ENSG00000185133	Missense
Sample25	ENSG00000009709	Missense
Sample25	ENSG00000197563	Missense
Sample25	ENSG00000090382	Stop_Gained
Sample25	ENSG00000100297	Missense
Sample25	ENSG00000156966	Missense
Sample25	ENSG00000061794	Missense
Sample25	ENSG00000111602	Stop_Gained
Sample26	ENSG00000142632	Frameshift
Sample26	ENSG00000185133	Missense
Sample26	ENSG00000197563	Missense
Sample26	ENSG00000144028	Missense
Sample26	ENSG00000061794	Missense
Sample26	ENSG00000149516	Stop_Gained
Sample26	ENSG00000156466	Missense
Sample26	ENSG00000090382	Stop_Gained
Sample26	ENSG00000102781	Stop_Gained
Sample27	ENSG00000061794	Missense
Sample27	ENSG00000109618	Stop_Gained
Sample27	ENSG00000197563	Missense
Sample27	ENSG00000090382	Stop_Gained
Sample27	ENSG00000142632	Frameshift
Sample27	ENSG00000111602	Stop_Gained
Sample27	ENSG00000005379	Missense
Sample27	ENSG00000009709	Missense
Sample28	ENSG00000090382	Stop_Gained
Sample28	ENSG00000111602	Stop_Gained
Sample28	ENSG00000009709	Missense
Sample28	ENSG00000160323	Stop_Gained
Sample28	ENSG00000119943	Missense
Sample29	ENSG00000131016	Missense
Sample29	ENSG00000109381	Stop_Gained
Sample29	ENSG00000130511	Frameshift
Sample29	ENSG00000109618	Stop_Gained
Sample29	ENSG00000142632	Frameshift
Sample29	ENSG00000123892	Missense
Sample29	ENSG00000169071	Missense
Sample29	ENSG00000005379	Missense
Sample29	ENSG00000149516	Stop_Gained
Sample3	ENSG00000138600	Stop_Gained
Sample3	ENSG00000183283	Missense
Sample3	ENSG00000130762	Splice_variants
Sample3	ENSG00000214753	Missense
Sample3	ENSG00000174238	Missense
Sample30	ENSG00000205667	Missense
Sample30	ENSG00000234828	Stop_Gained
Sample30	ENSG00000164180	Frameshift
Sample30	ENSG00000144724	Frameshift
Sample30	ENSG00000068745	Missense
Sample30	ENSG00000132424	Missense
Sample30	ENSG00000196981	Frameshift
Sample30	ENSG00000079805	Missense
Sample30	ENSG00000111581	Frameshift
Sample31	ENSG00000184985	Missense
Sample31	ENSG00000111275	Missense
Sample31	ENSG00000144191	Missense
Sample31	ENSG00000166948	Frameshift
Sample32	ENSG00000148834	Frameshift
Sample32	ENSG00000136870	Frameshift
Sample32	ENSG00000166529	Missense
Sample33	ENSG00000105373	Frameshift
Sample33	ENSG00000018869	Splice_variants
Sample33	ENSG00000136457	Missense
Sample33	ENSG00000121690	Missense
Sample33	ENSG00000197410	Frameshift
Sample33	ENSG00000174963	Missense
Sample34	ENSG00000130176	Missense
Sample34	ENSG00000124074	Stop_Gained
Sample34	ENSG00000214193	Frameshift
Sample34	ENSG00000104957	Stop_Gained
Sample34	ENSG00000143387	Stop_Gained
Sample34	ENSG00000122882	Frameshift
Sample35	ENSG00000169062	Frameshift
Sample35	ENSG00000186866	Missense
Sample35	ENSG00000124493	Missense
Sample35	ENSG00000179915	Missense
Sample36	ENSG00000184985	Missense
Sample36	ENSG00000127084	Missense
Sample36	ENSG00000144791	Missense
Sample36	ENSG00000027847	Missense
Sample36	ENSG00000198917	Missense
Sample36	ENSG00000196188	Stop_Gained
Sample36	ENSG00000105568	Missense
Sample37	ENSG00000198917	Missense
Sample37	ENSG00000133195	Frameshift
Sample37	ENSG00000184985	Missense
Sample37	ENSG00000127863	Missense
Sample38	ENSG00000198917	Missense
Sample38	ENSG00000187961	Frameshift
Sample38	ENSG00000187764	Missense
Sample38	ENSG00000127863	Missense
Sample38	ENSG00000135914	Missense
Sample39	ENSG00000258429	Missense
Sample39	ENSG00000125872	Frameshift
Sample39	ENSG00000196116	Frameshift
Sample39	ENSG00000091140	Frameshift
Sample39	ENSG00000136866	Missense
Sample39	ENSG00000157800	Missense
Sample39	ENSG00000069329	Stop_Gained
Sample39	ENSG00000132294	Missense
Sample4	ENSG00000139832	Missense
Sample4	ENSG00000212122	Stop_Gained
Sample4	ENSG00000155875	Splice_variants
Sample4	ENSG00000154133	Stop_Gained
Sample4	ENSG00000140563	Frameshift
Sample4	ENSG00000048544	Frameshift
Sample40	ENSG00000174963	Missense
Sample40	ENSG00000148019	Splice_variants
Sample40	ENSG00000105186	Frameshift
Sample40	ENSG00000121690	Missense
Sample40	ENSG00000136457	Missense
Sample40	ENSG00000187908	Stop_Gained
Sample41	ENSG00000056972	Splice_variants
Sample41	ENSG00000100284	Missense
Sample41	ENSG00000197616	Missense
Sample41	ENSG00000168619	Missense
Sample41	ENSG00000179057	Stop_Gained
Sample42	ENSG00000111790	Splice_variants
Sample42	ENSG00000186638	Missense
Sample42	ENSG00000083799	Missense
Sample42	ENSG00000143224	Frameshift
Sample42	ENSG00000101752	Frameshift
Sample42	ENSG00000121769	Missense
Sample42	ENSG00000083520	Missense
Sample42	ENSG00000111897	Missense
Sample42	ENSG00000273777	Frameshift
Sample43	ENSG00000198842	Frameshift
Sample43	ENSG00000143224	Frameshift
Sample43	ENSG00000012061	Missense
Sample43	ENSG00000139651	Missense
Sample43	ENSG00000141577	Frameshift
Sample43	ENSG00000081800	Stop_Gained
Sample43	ENSG00000204740	Stop_Gained
Sample43	ENSG00000162688	Missense
Sample43	ENSG00000172538	Frameshift
Sample44	ENSG00000152578	Missense
Sample44	ENSG00000121068	Missense
Sample44	ENSG00000130724	Frameshift
Sample44	ENSG00000115705	Stop_Gained
Sample44	ENSG00000186815	Missense
Sample45	ENSG00000006118	Stop_Gained
Sample45	ENSG00000168118	Missense
Sample45	ENSG00000204610	Splice_variants
Sample45	ENSG00000185567	Missense
Sample45	ENSG00000134716	Splice_variants
Sample45	ENSG00000138381	Missense
Sample46	ENSG00000128699	Missense
Sample46	ENSG00000100012	Missense
Sample46	ENSG00000100448	Missense
Sample46	ENSG00000184967	Splice_variants
Sample46	ENSG00000122678	Frameshift
Sample46	ENSG00000198569	Missense
Sample46	ENSG00000162738	Missense
Sample47	ENSG00000006715	Frameshift
Sample47	ENSG00000188766	Stop_Gained
Sample47	ENSG00000121964	Missense
Sample47	ENSG00000165219	Splice_variants
Sample47	ENSG00000187950	Frameshift
Sample48	ENSG00000156017	Stop_Gained
Sample48	ENSG00000157216	Missense
Sample48	ENSG00000121964	Missense
Sample48	ENSG00000243708	Splice_variants
Sample48	ENSG00000021826	Missense
Sample48	ENSG00000137776	Stop_Gained
Sample48	ENSG00000215372	Frameshift
Sample48	ENSG00000120693	Missense
Sample49	ENSG00000115423	Missense
Sample49	ENSG00000116039	Missense
Sample49	ENSG00000160439	Stop_Gained
Sample49	ENSG00000110042	Stop_Gained
Sample49	ENSG00000170175	Missense
Sample49	ENSG00000115750	Frameshift
Sample49	ENSG00000128487	Missense
Sample49	ENSG00000163956	Stop_Gained
Sample5	ENSG00000155875	Splice_variants
Sample5	ENSG00000197653	Frameshift
Sample5	ENSG00000091010	Missense
Sample5	ENSG00000073756	Missense
Sample5	ENSG00000171105	Missense
Sample50	ENSG00000171219	Splice_variants
Sample50	ENSG00000163145	Frameshift
Sample50	ENSG00000164142	Stop_Gained
Sample50	ENSG00000166136	Stop_Gained
Sample50	ENSG00000101152	Missense
Sample50	ENSG00000100612	Stop_Gained
Sample51	ENSG00000163145	Frameshift
Sample51	ENSG00000172232	Missense
Sample51	ENSG00000213983	Splice_variants
Sample51	ENSG00000151835	Stop_Gained
Sample51	ENSG00000171219	Splice_variants
Sample51	ENSG00000135905	Missense
Sample51	ENSG00000177354	Missense
Sample51	ENSG00000174640	Missense
Sample52	ENSG00000160216	Missense
Sample52	ENSG00000213983	Splice_variants
Sample52	ENSG00000143776	Missense
Sample52	ENSG00000164142	Stop_Gained
Sample52	ENSG00000163624	Missense
Sample52	ENSG00000079557	Stop_Gained
Sample52	ENSG00000173728	Stop_Gained
Sample52	ENSG00000120907	Missense
Sample52	ENSG00000100029	Missense
Sample52	ENSG00000059377	Missense
Sample52	ENSG00000101152	Missense
Sample52	ENSG00000111670	Missense
Sample52	ENSG00000166136	Stop_Gained
Sample53	ENSG00000078725	Missense
Sample53	ENSG00000106302	Frameshift
Sample53	ENSG00000131061	Missense
Sample53	ENSG00000123427	Missense
Sample53	ENSG00000138778	Frameshift
Sample53	ENSG00000173401	Stop_Gained
Sample53	ENSG00000171444	Frameshift
Sample53	ENSG00000149743	Frameshift
Sample53	ENSG00000185482	Frameshift
Sample54	ENSG00000185482	Frameshift
Sample54	ENSG00000107736	Stop_Gained
Sample54	ENSG00000183624	Frameshift
Sample54	ENSG00000103154	Missense
Sample54	ENSG00000123427	Missense
Sample55	ENSG00000240542	Stop_Gained
Sample55	ENSG00000187950	Stop_Gained
Sample55	ENSG00000173467	Splice_variants
Sample55	ENSG00000169684	Missense
Sample55	ENSG00000137713	Frameshift
Sample55	ENSG00000170419	Missense
Sample56	ENSG00000095383	Frameshift
Sample56	ENSG00000039523	Frameshift
Sample56	ENSG00000085449	Missense
Sample56	ENSG00000173585	Frameshift
Sample56	ENSG00000164620	Splice_variants
Sample57	ENSG00000152763	Missense
Sample57	ENSG00000166603	Frameshift
Sample57	ENSG00000137713	Frameshift
Sample57	ENSG00000240542	Stop_Gained
Sample57	ENSG00000162522	Frameshift
Sample57	ENSG00000103148	Missense
Sample58	ENSG00000164548	Missense
Sample58	ENSG00000078579	Missense
Sample58	ENSG00000170419	Missense
Sample58	ENSG00000173467	Splice_variants
Sample58	ENSG00000103148	Missense
Sample58	ENSG00000197635	Missense
Sample58	ENSG00000166603	Frameshift
Sample58	ENSG00000173585	Frameshift
Sample58	ENSG00000127481	Missense
Sample59	ENSG00000108773	Missense
Sample59	ENSG00000072110	Missense
Sample59	ENSG00000159387	Missense
Sample59	ENSG00000079387	Missense
Sample59	ENSG00000173908	Frameshift
Sample59	ENSG00000196591	Frameshift
Sample59	ENSG00000169136	Missense
Sample59	ENSG00000108515	Frameshift
Sample6	ENSG00000235098	Missense
Sample6	ENSG00000104979	Missense
Sample6	ENSG00000165325	Frameshift
Sample6	ENSG00000185946	Frameshift
Sample60	ENSG00000118492	Stop_Gained
Sample60	ENSG00000072110	Missense
Sample60	ENSG00000213246	Splice_variants
Sample60	ENSG00000079387	Missense
Sample60	ENSG00000124749	Stop_Gained
Sample60	ENSG00000154025	Frameshift
Sample60	ENSG00000108515	Frameshift
Sample60	ENSG00000058056	Missense
Sample60	ENSG00000107937	Missense
Sample60	ENSG00000196591	Frameshift
Sample60	ENSG00000135914	Missense
Sample60	ENSG00000173908	Frameshift
Sample60	ENSG00000136925	Frameshift
Sample60	ENSG00000088827	Frameshift
Sample61	ENSG00000100997	Frameshift
Sample61	ENSG00000169302	Missense
Sample61	ENSG00000075643	Splice_variants
Sample61	ENSG00000151611	Stop_Gained
Sample61	ENSG00000083067	Frameshift
Sample61	ENSG00000278053	Splice_variants
Sample61	ENSG00000105639	Missense
Sample61	ENSG00000136153	Frameshift
Sample61	ENSG00000167315	Missense
Sample62	ENSG00000039123	Missense
Sample62	ENSG00000162843	Splice_variants
Sample62	ENSG00000170279	Frameshift
Sample62	ENSG00000003393	Missense
Sample62	ENSG00000184999	Frameshift
Sample62	ENSG00000170275	Missense
Sample62	ENSG00000187048	Frameshift
Sample62	ENSG00000115361	Frameshift
Sample63	ENSG00000160396	Missense
Sample63	ENSG00000243955	Frameshift
Sample63	ENSG00000013016	Missense
Sample63	ENSG00000175426	Missense
Sample63	ENSG00000145817	Missense
Sample63	ENSG00000276410	Missense
Sample63	ENSG00000197345	Splice_variants
Sample63	ENSG00000136021	Missense
Sample64	ENSG00000108389	Frameshift
Sample64	ENSG00000160396	Missense
Sample64	ENSG00000134216	Missense
Sample64	ENSG00000198569	Splice_variants
Sample64	ENSG00000188629	Missense
Sample64	ENSG00000173451	Missense
Sample64	ENSG00000013016	Missense
Sample65	ENSG00000168488	Stop_Gained
Sample65	ENSG00000188039	Stop_Gained
Sample66	ENSG00000171217	Missense
Sample66	ENSG00000108523	Missense
Sample66	ENSG00000175137	Missense
Sample66	ENSG00000140675	Missense
Sample66	ENSG00000009413	Missense
Sample66	ENSG00000130695	Frameshift
Sample67	ENSG00000163933	Missense
Sample67	ENSG00000033100	Frameshift
Sample67	ENSG00000141485	Stop_Gained
Sample67	ENSG00000186532	Frameshift
Sample67	ENSG00000136874	Stop_Gained
Sample67	ENSG00000065675	Missense
Sample67	ENSG00000001626	Stop_Gained
Sample67	ENSG00000166428	Splice_variants
Sample68	ENSG00000033100	Missense
Sample68	ENSG00000197822	Missense
Sample68	ENSG00000007541	Missense
Sample68	ENSG00000176715	Missense
Sample68	ENSG00000164900	Missense
Sample68	ENSG00000213719	Missense
Sample68	ENSG00000105671	Missense
Sample68	ENSG00000175221	Frameshift
Sample69	ENSG00000106245	Missense
Sample69	ENSG00000165458	Missense
Sample69	ENSG00000145012	Missense
Sample69	ENSG00000105202	Missense
Sample69	ENSG00000198589	Splice_variants
Sample69	ENSG00000256087	Missense
Sample69	ENSG00000126254	Missense
Sample69	ENSG00000163975	Missense
Sample69	ENSG00000111602	Frameshift
Sample69	ENSG00000169221	Missense
Sample69	ENSG00000198445	Frameshift
Sample69	ENSG00000119397	Stop_Gained
Sample69	ENSG00000129219	Missense
Sample7	ENSG00000185946	Frameshift
Sample7	ENSG00000042429	Stop_Gained
Sample7	ENSG00000163879	Missense
Sample7	ENSG00000104524	Frameshift
Sample7	ENSG00000163931	Missense
Sample70	ENSG00000198952	Frameshift
Sample70	ENSG00000164078	Frameshift
Sample70	ENSG00000164729	Frameshift
Sample70	ENSG00000143549	Missense
Sample70	ENSG00000172578	Frameshift
Sample70	ENSG00000142910	Splice_variants
Sample70	ENSG00000168496	Missense
Sample70	ENSG00000105202	Missense
Sample70	ENSG00000126254	Missense
Sample70	ENSG00000165458	Missense
Sample70	ENSG00000169221	Missense
Sample70	ENSG00000156162	Frameshift
Sample70	ENSG00000198728	Missense
Sample70	ENSG00000119397	Stop_Gained
Sample70	ENSG00000163975	Missense
Sample71	ENSG00000125686	Missense
Sample71	ENSG00000109911	Missense
Sample71	ENSG00000011422	Missense
Sample71	ENSG00000216490	Missense
Sample71	ENSG00000173226	Frameshift
Sample71	ENSG00000092758	Missense
Sample71	ENSG00000187950	Splice_variants
Sample72	ENSG00000132874	Stop_Gained
Sample72	ENSG00000131730	Missense
Sample72	ENSG00000173175	Missense
Sample72	ENSG00000175040	Missense
Sample72	ENSG00000143919	Missense
Sample73	ENSG00000155229	Frameshift
Sample73	ENSG00000181804	Missense
Sample73	ENSG00000173226	Frameshift
Sample73	ENSG00000125746	Stop_Gained
Sample73	ENSG00000092758	Missense
Sample73	ENSG00000131730	Missense
Sample73	ENSG00000143919	Missense
Sample73	ENSG00000132874	Stop_Gained
Sample73	ENSG00000216490	Missense
Sample73	ENSG00000187950	Splice_variants
Sample74	ENSG00000128536	Stop_Gained
Sample74	ENSG00000004799	Frameshift
Sample74	ENSG00000187950	Splice_variants
Sample74	ENSG00000092758	Stop_Gained
Sample74	ENSG00000137720	Missense
Sample74	ENSG00000204138	Missense
Sample75	ENSG00000140284	Stop_Gained
Sample75	ENSG00000105778	Missense
Sample75	ENSG00000171811	Stop_Gained
Sample75	ENSG00000198855	Missense
Sample75	ENSG00000070886	Missense
Sample75	ENSG00000158714	Stop_Gained
Sample75	ENSG00000140835	Missense
Sample75	ENSG00000164893	Stop_Gained
Sample75	ENSG00000115112	Stop_Gained
Sample75	ENSG00000100490	Stop_Gained
Sample75	ENSG00000141542	Frameshift
Sample75	ENSG00000153064	Frameshift
Sample75	ENSG00000113569	Missense
Sample75	ENSG00000163283	Splice_variants
Sample76	ENSG00000261272	Stop_Gained
Sample76	ENSG00000140943	Missense
Sample76	ENSG00000143630	Missense
Sample76	ENSG00000140284	Stop_Gained
Sample76	ENSG00000114349	Frameshift
Sample77	ENSG00000164172	Frameshift
Sample77	ENSG00000186847	Stop_Gained
Sample77	ENSG00000142632	Stop_Gained
Sample77	ENSG00000124067	Missense
Sample77	ENSG00000102539	Frameshift
Sample77	ENSG00000164164	Missense
Sample78	ENSG00000136045	Frameshift
Sample78	ENSG00000115183	Missense
Sample78	ENSG00000116141	Missense
Sample78	ENSG00000154930	Missense
Sample78	ENSG00000263002	Missense
Sample79	ENSG00000163810	Splice_variants
Sample79	ENSG00000142405	Missense
Sample79	ENSG00000181090	Missense
Sample79	ENSG00000169371	Missense
Sample79	ENSG00000164187	Stop_Gained
Sample79	ENSG00000153214	Missense
Sample8	ENSG00000165325	Frameshift
Sample8	ENSG00000073350	Missense
Sample8	ENSG00000198873	Missense
Sample8	ENSG00000047365	Missense
Sample80	ENSG00000143324	Missense
Sample80	ENSG00000173110	Missense
Sample80	ENSG00000121897	Missense
Sample80	ENSG00000126785	Missense
Sample80	ENSG00000140548	Missense
Sample80	ENSG00000092929	Splice_variants
Sample81	ENSG00000128000	Missense
Sample81	ENSG00000174327	Frameshift
Sample81	ENSG00000163357	Frameshift
Sample81	ENSG00000172232	Missense
Sample81	ENSG00000039319	Stop_Gained
Sample81	ENSG00000092929	Splice_variants
Sample81	ENSG00000111670	Frameshift
Sample82	ENSG00000264424	Missense
Sample82	ENSG00000063322	Frameshift
Sample82	ENSG00000086570	Frameshift
Sample82	ENSG00000272333	Missense
Sample82	ENSG00000183856	Splice_variants
Sample82	ENSG00000116701	Stop_Gained
Sample82	ENSG00000084774	Missense
Sample82	ENSG00000104892	Missense
Sample82	ENSG00000173110	Missense
Sample82	ENSG00000163357	Frameshift
Sample82	ENSG00000137474	Stop_Gained
Sample83	ENSG00000100302	Missense
Sample83	ENSG00000011426	Stop_Gained
Sample83	ENSG00000197776	Stop_Gained
Sample83	ENSG00000116745	Missense
Sample83	ENSG00000179912	Missense
Sample84	ENSG00000116745	Missense
Sample84	ENSG00000158773	Missense
Sample84	ENSG00000100302	Missense
Sample84	ENSG00000135205	Frameshift
Sample84	ENSG00000185000	Missense
Sample84	ENSG00000198855	Missense
Sample84	ENSG00000163492	Stop_Gained
Sample84	ENSG00000123739	Stop_Gained
Sample84	ENSG00000100351	Missense
Sample85	ENSG00000115145	Frameshift
Sample85	ENSG00000146192	Splice_variants
Sample85	ENSG00000039650	Frameshift
Sample85	ENSG00000114541	Missense
Sample85	ENSG00000150455	Stop_Gained
Sample86	ENSG00000156414	Stop_Gained
Sample86	ENSG00000167881	Stop_Gained
Sample86	ENSG00000126870	Frameshift
Sample86	ENSG00000103067	Frameshift
Sample86	ENSG00000168556	Missense
Sample86	ENSG00000089006	Missense
Sample86	ENSG00000150995	Missense
Sample87	ENSG00000165792	Stop_Gained
Sample87	ENSG00000039650	Frameshift
Sample87	ENSG00000167881	Stop_Gained
Sample87	ENSG00000103067	Frameshift
Sample88	ENSG00000140836	Frameshift
Sample88	ENSG00000066926	Missense
Sample88	ENSG00000128881	Missense
Sample88	ENSG00000127054	Stop_Gained
Sample88	ENSG00000135318	Frameshift
Sample88	ENSG00000196345	Frameshift
Sample88	ENSG00000093217	Missense
Sample88	ENSG00000119771	Missense
Sample88	ENSG00000136819	Frameshift
Sample88	ENSG00000077498	Frameshift
Sample88	ENSG00000253537	Frameshift
Sample89	ENSG00000135218	Frameshift
Sample89	ENSG00000108384	Missense
Sample89	ENSG00000173269	Stop_Gained
Sample89	ENSG00000083097	Missense
Sample89	ENSG00000105479	Stop_Gained
Sample89	ENSG00000112282	Missense
Sample89	ENSG00000127561	Missense
Sample89	ENSG00000159228	Frameshift
Sample89	ENSG00000164506	Missense
Sample9	ENSG00000101194	Stop_Gained
Sample9	ENSG00000083520	Missense
Sample9	ENSG00000036448	Missense
Sample9	ENSG00000102763	Missense
Sample90	ENSG00000149262	Missense
Sample90	ENSG00000128713	Frameshift
Sample90	ENSG00000157423	Missense
Sample90	ENSG00000133243	Missense
Sample90	ENSG00000158122	Missense
Sample90	ENSG00000154025	Frameshift
Sample90	ENSG00000122477	Missense
Sample90	ENSG00000130701	Splice_variants
Sample90	ENSG00000076650	Stop_Gained
Sample91	ENSG00000151655	Missense
Sample91	ENSG00000104833	Missense
Sample91	ENSG00000181444	Missense
Sample91	ENSG00000278705	Frameshift
Sample91	ENSG00000150510	Missense
Sample91	ENSG00000205126	Stop_Gained
Sample91	ENSG00000058335	Missense
Sample92	ENSG00000198488	Missense
Sample92	ENSG00000165682	Missense
Sample92	ENSG00000172803	Missense
Sample92	ENSG00000100558	Missense
Sample92	ENSG00000038219	Stop_Gained
Sample92	ENSG00000086967	Missense
Sample93	ENSG00000239389	Frameshift
Sample93	ENSG00000100296	Missense
Sample93	ENSG00000009950	Missense
Sample94	ENSG00000187955	Missense
Sample94	ENSG00000077943	Missense
Sample94	ENSG00000100296	Missense
Sample94	ENSG00000167664	Missense
Sample94	ENSG00000167419	Missense
Sample94	ENSG00000152193	Stop_Gained
Sample95	ENSG00000005981	Missense
Sample95	ENSG00000076826	Missense
Sample95	ENSG00000114742	Stop_Gained
Sample95	ENSG00000077943	Missense
Sample95	ENSG00000100296	Missense
Sample95	ENSG00000100012	Missense
Sample95	ENSG00000166188	Missense
Sample96	ENSG00000120645	Missense
Sample96	ENSG00000198707	Stop_Gained
Sample96	ENSG00000253729	Missense
Sample96	ENSG00000198862	Stop_Gained
Sample96	ENSG00000197893	Splice_variants
Sample96	ENSG00000133020	Missense
Sample96	ENSG00000060718	Missense
Sample96	ENSG00000065060	Missense
Sample97	ENSG00000110514	Missense
Sample97	ENSG00000205126	Stop_Gained
Sample97	ENSG00000104833	Missense
Sample97	ENSG00000162461	Stop_Gained
Sample98	ENSG00000181915	Missense
Sample98	ENSG00000162461	Stop_Gained
Sample98	ENSG00000181444	Missense
Sample99	ENSG00000164323	Stop_Gained
Sample99	ENSG00000205268	Splice_variants
Sample99	ENSG00000185875	Stop_Gained
Sample99	ENSG00000140807	Missense
Sample99	ENSG00000070159	Splice_variants
Sample99	ENSG00000205929	Frameshift
Sample99	ENSG00000183785	Missense
Sample99	ENSG00000146857	Stop_Gained
Sample99	ENSG00000139291	Frameshift
